{
  "01": {
    "[-2; 4;;]": [
      1.0,
      0.5,
      0.125,
      0.010416666666666666,
      0.00021701388888888888
    ],
    "[4; 1;;]": [
      5.0,
      -20.0,
      40.0,
      -26.666666666666668,
      4.444444444444445
    ]
  }
}
