{"01":{"[1; -5; 6;;]":[4.0,2.0,1.0,1.3333333333333333,3.1666666666666665,10.333333333333332,42.52777777777778,210.91666666666666,1223.2592592592594,8119.908950617285],"[1; 8; 10;;]":[1.0,2.0,-1.7,2.52,-5.878,18.5576,-73.6426,351.62872,-1961.7565719999998,12520.079188799999],"[1; 8; 13;;]":[5.0,1.0,-1.0,1.1538461538461537,-2.053254437869822,4.965407373691396,-15.120233885368155,55.44660147107539,-237.68380373037337,1165.870525944063],"[1; 3; 1;;]":[5.0,1.0,-8.0,47.0,-415.0,4933.0,-73580.0,1.319507e6,-2.7636067e7,6.61946101e8],"[1; 7; 6;;]":[1.0,3.0,-3.6666666666666665,8.055555555555555,-27.583333333333332,127.37962962962962,-738.4506172839506,5147.924382716049,-41918.307355967074,390379.54792524007],"[1; -1; -2;;]":[1.0,1.0,0.0,0.5,-0.75,1.75,-4.75,15.125,-55.3125,228.8125],"[1; -6; 2;;]":[4.0,2.0,4.0,23.0,205.0,2448.5,36625.0,658025.75,1.380022825e7,3.30876465125e8],"[1; -8; 4;;]":[1.0,5.0,9.75,37.75,224.0625,1783.0625,17774.609375,212849.546875,2.97545000390625e6,4.755398767578125e7],"[1; 9; 13;;]":[5.0,1.0,-1.0769230769230769,1.4142011834319526,-2.8543468365953566,7.7955603795385295,-26.76506694174142,110.5783118826537,-533.8206601281108,2948.0391705647176],"[1; -1; -8;;]":[1.0,1.0,0.0,0.125,-0.046875,0.0390625,-0.0302734375,0.027587890625,-0.027923583984375,0.0313720703125]}}
