{"01":{"[-9; 3;;]":[5.0,15.0,45.0,135.0,405.0,1215.0,3645.0,10935.0,32805.0,98415.0,295245.0,885735.0,2.657205e6,7.971615e6,2.3914845e7,7.1744535e7,2.15233605e8,6.45700815e8,1.937102445e9,5.811307335e9,1.7433922005e10],"[-8; -5;;]":[3.0,-4.8,7.68,-12.288,19.660800000000002,-31.457280000000004,50.33164800000001,-80.53063680000001,128.84901888000002,-206.15843020800003,329.85348833280005,-527.7655813324801,844.4249301319682,-1351.079888211149,2161.7278211378384,-3458.7645138205417,5534.023222112866,-8854.437155380587,14167.099448608938,-22667.3591177743,36267.77458843888]}}